('AMG', 0.0002)
('CAF', 0.0002)
('COO', 0.0002)
('NVDA', 0.00029999999)
('NBN', 0.0005)
('WTM', 0.00059999997)
('EPAC', 0.00090000004)
('HEI', 0.00090000004)
('IR', 0.00090000004)
('VRT', 0.00090000004)
('TXT', 0.001)
('PWR', 0.0011999999)
('GFL', 0.0013)
('GEHC', 0.0014)
('KNSL', 0.0014)
('BSIG', 0.0015)
('PEGA', 0.0015)
('PVH', 0.0015)
('ENSG', 0.0016)
('HBM', 0.0016)
('PGR', 0.0016)
('BDC', 0.0017)
('CCJ', 0.0017)
('ASA', 0.0018000001)
('CHN', 0.0018000001)
('USLM', 0.0018000001)
('WIT', 0.0019)
('AYI', 0.002)
('CIGI', 0.002)
('PCG', 0.002)
('ACA', 0.0021)
('CLB', 0.0021)
('EME', 0.0022)
('RVTY', 0.0023)
('TILE', 0.0023)
('BELFA', 0.0023999999)
('CW', 0.0023999999)
('ESE', 0.0025)
('HLT', 0.0025)
('JBL', 0.0025)
('AG', 0.0026)
('ESAB', 0.0026)
('CSWI', 0.0027)
('DDS', 0.0027)
('VNT', 0.0027)
('WST', 0.0027)
('AAON', 0.0028)
('CASH', 0.0028)
('MRVL', 0.0028)
('TMO', 0.0028)
('ALC', 0.0029)
('LOB', 0.0029)
('STVN', 0.0029)
('CHDN', 0.003)
('DBRG', 0.003)
('CTS', 0.0031)
('QCRH', 0.0031)
('HWM', 0.0032)
('IGIC', 0.0032)
('L', 0.0032)
('TW', 0.0032)
('ICFI', 0.0033000002)
('BRKR', 0.0034)
('PEB', 0.0034)
('SEB', 0.0034)
('EXP', 0.0034999999)
('JBT', 0.0034999999)
('META', 0.0034999999)
('TRAK', 0.0034999999)
('VLTO', 0.0034999999)
('FIX', 0.0036000002)
('WING', 0.0036000002)
('AEIS', 0.0037)
('ENTG', 0.0037)
('KAI', 0.0037)
('NMM', 0.0037)
('BELFB', 0.0038)
('CHE', 0.0038)
('HSTM', 0.0038)
('NYCB', 0.0038)
('POWL', 0.0038)
('PRIM', 0.0038)
('TBNK', 0.0039)
('UHS', 0.0039)
('VSEC', 0.0039)
('FCNCA', 0.004)
('MUSA', 0.004)
('TPL', 0.004)
('H', 0.0041)
('TECH', 0.0042)
('TRU', 0.0042)
('IDT', 0.0043)
('LPLA', 0.0043)
('WAB', 0.0043)
('WMS', 0.0043)
('DHR', 0.0044)
('IIIN', 0.0044)
('AAPL', 0.0045)
('FTV', 0.0045)
('TER', 0.0045)
('ARCB', 0.0046)
('BCPC', 0.0046)
('GOOG', 0.0046)
('MU', 0.0046)
('CASY', 0.0047)
('GOOGL', 0.0047)
('TTEK', 0.0047)
('VBNK', 0.0047)
('INTR', 0.0047999998)
('MORN', 0.0049)
('AGI', 0.005)
('BSY', 0.005)
('EA', 0.005)
('HCC', 0.005)
('MMLP', 0.005)
('ATMU', 0.0050999997)
('CRS', 0.0050999997)
('KKR', 0.0050999997)
('MTRN', 0.0050999997)
('CR', 0.0052)
('ESOA', 0.0052)
('GPI', 0.0052)
('MA', 0.0052)
('ODFL', 0.0052)
('X', 0.0052)
('COST', 0.0053)
('FSV', 0.0053)
('WRB', 0.0053)
('CRM', 0.0054)
('MCK', 0.0054)
('MLAB', 0.0054)
('MLM', 0.0054)
('OEC', 0.0054)
('SVM', 0.0054)
('TDS', 0.0054)
('WLFC', 0.0054)
('ALG', 0.0055)
('CEG', 0.0055)
('RACE', 0.0055)
('ROP', 0.0055)
('AC', 0.0056)
('GF', 0.0056)
('BMI', 0.0057)
('BVN', 0.0057)
('VRSK', 0.0057)
('BRO', 0.0058)
('DIT', 0.0058)
('MTX', 0.0058)
('TPB', 0.0058)
('EFX', 0.0058999998)
('FSS', 0.0058999998)
('RNR', 0.0058999998)
('TRS', 0.0058999998)
('BN', 0.006)
('BNT', 0.006)
('GVA', 0.006)
('EVTC', 0.0061000003)
('ORA', 0.0061000003)
('VIRC', 0.0061000003)
('CNXN', 0.0062)
('ITUB', 0.0062)
('LAKE', 0.0062)
('PGC', 0.0062)
('PHM', 0.0062)
('WWD', 0.0062)
('AME', 0.0063)
('BCC', 0.0063)
('FFWM', 0.0063)
('LAD', 0.0063)
('LLY', 0.0063)
('PLPC', 0.0063)
('SSD', 0.0063)
('TOL', 0.0063)
('AIT', 0.0064)
('RDY', 0.0064)
('TFX', 0.0064)
('TGLS', 0.0064)
('GE', 0.0064999997)
('IBKR', 0.0064999997)
('IBP', 0.0064999997)
('RICK', 0.0064999997)
('SONY', 0.0064999997)
('MPWR', 0.0066000004)
('RYAN', 0.0066000004)
('INTU', 0.0067000003)
('LMAT', 0.0067000003)
('ALNT', 0.0068)
('CLMB', 0.0068)
('HWKN', 0.0068)
('RRBI', 0.0068)
('VMC', 0.0068)
('A', 0.0069)
('EHC', 0.0069)
('INBK', 0.0069)
('NWS', 0.0069)
('RCG', 0.0069)
('SHEN', 0.0069999998)
('CP', 0.0070999996)
('PAYC', 0.0070999996)
('SXI', 0.0070999996)
('WCN', 0.0070999996)
('PJT', 0.0072000003)
('HTLD', 0.0073)
('NWSA', 0.0073)
('AON', 0.0074)
('BKNG', 0.0074)
('GWW', 0.0074)
('HCA', 0.0074)
('RLI', 0.0074)
('VST', 0.0074)
('HLIO', 0.0075)
('MCO', 0.0075)
('SPGI', 0.0075)
('STN', 0.0075)
('CTAS', 0.0076)
('FTI', 0.0076)
('LII', 0.0076)
('REVG', 0.0076)
('VMI', 0.0076)
('BWXT', 0.0078)
('LSTR', 0.0078)
('UNF', 0.0078)
('CGNX', 0.007900001)
('IBN', 0.007900001)
('RCL', 0.007900001)
('TECK', 0.007900001)
('ITIC', 0.008)
('SHW', 0.008)
('ACM', 0.0081)
('BGC', 0.0081)
('EDR', 0.0081)
('MSFT', 0.0081)
('NPO', 0.0081)
('V', 0.0081)
('ALCO', 0.0082)
('GHC', 0.0082)
('KOP', 0.0082)
('NMRK', 0.0082)
('URI', 0.0082)
('CHH', 0.0083)
('J', 0.0083)
('RRX', 0.0083)
('FTAI', 0.0084)
('PNFP', 0.0084)
('AJG', 0.0086)
('CSPI', 0.0086)
('CVLG', 0.0086)
('HL', 0.0086)
('MSI', 0.0086)
('SLP', 0.0086)
('WHD', 0.0086)
('AMAT', 0.0087)
('ASO', 0.0087)
('COR', 0.0087)
('ESLT', 0.0087)
('KLAC', 0.0087)
('LDOS', 0.0087)
('MKSI', 0.0087)
('MXC', 0.0087)
('RMD', 0.0087)
('SYK', 0.0087)
('AWI', 0.0088)
('AZZ', 0.0088)
('BBSI', 0.0088)
('CMCO', 0.0088)
('COKE', 0.0088)
('WCC', 0.0088)
('KBR', 0.0089)
('MATX', 0.0089)
('OLED', 0.0089)
('TT', 0.0089)
('UI', 0.0089)
('WTS', 0.0089)
('ZBH', 0.0089)
('ESQ', 0.009)
('TSE', 0.009)
('CEIX', 0.0091)
('FDS', 0.0091)
('ITT', 0.0091)
('OSW', 0.0091)
('GL', 0.0092)
('NYT', 0.0092)
('OR', 0.0092)
('PARAA', 0.0092)
('PIPR', 0.0092)
('SYT', 0.0092)
('ALSN', 0.0093)
('BUR', 0.0093)
('ECL', 0.0093)
('PNR', 0.0093)
('BCO', 0.0094)
('DIS', 0.0094)
('GM', 0.0094)
('ORCL', 0.0094)
('VBFC', 0.0094)
('WINA', 0.0094)
('CAL', 0.0095)
('CSL', 0.0095)
('DHI', 0.0095)
('GFF', 0.0095)
('JBHT', 0.0095)
('SAND          ', 0.0095)
('WPM', 0.0095)
('ZTS', 0.0095)
('GPN', 0.0095999995)
('VHI', 0.0095999995)
('ABCB', 0.0097)
('APH', 0.0097)
('MAR', 0.0097)
('ULS', 0.0097)
('WMPN', 0.0097)
('ZWS', 0.0097)
('MLI', 0.0098)
('NNI', 0.0098)
('SMBK', 0.0098)
('ULH', 0.0098)
('AA', 0.0099)
('AMR', 0.0099)
('ARMK', 0.0099)
('AZPN', 0.0099)
('BYD', 0.0099)
('CDRE', 0.0099)
('EE', 0.0099)
('ENS', 0.0099)
('HIFS', 0.0099)
('MBIN', 0.0099)
('ASML', 0.01)
('JBSS', 0.01)
('IMKTA', 0.0101)
('STE', 0.0101)
('WMT', 0.0101)
('HXL', 0.010199999)
('NVT', 0.010199999)
('SAIC', 0.010199999)
('SAP', 0.010199999)
('AXP', 0.010299999)
('DAL', 0.010299999)
('FELE', 0.010299999)
('LPX', 0.010299999)
('MKTX', 0.010299999)
('PH', 0.010299999)
('BBUC', 0.0104)
('GAM', 0.0104)
('VSTS', 0.0104)
('CARR', 0.0105)
('CRAI', 0.0105)
('MGPI', 0.0105)
('ROST', 0.0105)
('WYNN', 0.0105)
('AER', 0.0106)
('ATR', 0.0106)
('IHT', 0.0106)
('CCK', 0.0107)
('LNG', 0.0107)
('RRC', 0.0107)
('UFPI', 0.0107)
('TCBS', 0.0108)
('DOV', 0.0109)
('FNV', 0.0109)
('HLNE', 0.0109)
('IDCC', 0.0109)
('PRG', 0.0109)
('PRGS', 0.0109)
('TPX', 0.0109)
('AGX', 0.011)
('HDB', 0.011)
('JOE', 0.011)
('NX', 0.011)
('RGLD', 0.011)
('RGR', 0.011)
('BBU', 0.0111)
('CFBK', 0.0111)
('EFXT', 0.0111)
('FRD', 0.0111)
('MSCI', 0.0111)
('NIC', 0.0111)
('CTVA', 0.0112)
('ETN', 0.0112)
('LFUS', 0.0112)
('BAH', 0.0113)
('BTU', 0.0113)
('IRMD', 0.0113)
('UBS', 0.0113)
('CHD', 0.0114)
('CNMD', 0.0114)
('DHC', 0.0115)
('FBIN', 0.0115)
('MLR', 0.0115)
('SSBK', 0.0115)
('HUBG', 0.0116)
('ICE', 0.0116)
('PCAR', 0.0116)
('AGCO', 0.0117)
('AMP', 0.0117)
('CCS', 0.0117)
('EXPO', 0.0117)
('ILPT', 0.0117)
('JILL', 0.0117)
('JMSB', 0.0117)
('LMNR', 0.0117)
('RSG', 0.0117)
('WT', 0.0117)
('CBOE', 0.0117999995)
('ESI', 0.0117999995)
('LEN', 0.0117999995)
('WTW', 0.0117999995)
('CXT', 0.0119)
('EVR', 0.0119)
('NVEI', 0.0119)
('TIPT', 0.0119)
('TNET', 0.0119)
('JKHY', 0.012)
('KGC', 0.012)
('KWR', 0.012)
('LNN', 0.012)
('AMKR', 0.0121)
('DNUT', 0.0121)
('FLXS', 0.0121)
('KNX', 0.0121)
('LYTS', 0.0121)
('PFSI', 0.0121)
('SEIC', 0.0121)
('TR', 0.0121)
('WSFS', 0.0121)
('XYL', 0.0121)
('CSV', 0.012200001)
('FUL', 0.012200001)
('LIN', 0.012200001)
('MWA', 0.012200001)
('AAME', 0.0123000005)
('DOOO', 0.0123000005)
('ERIE', 0.0123000005)
('EXPD', 0.0123000005)
('LFVN', 0.0123000005)
('LRCX', 0.0123000005)
('TME', 0.0123000005)
('EBR', 0.0124)
('GGG', 0.0124)
('GSM', 0.0124)
('HUBB', 0.0124)
('OPY', 0.0124)
('CON', 0.0125)
('MSA', 0.0125)
('NDSN', 0.0125)
('RJF', 0.0125)
('RUSHA', 0.0125)
('AVGO', 0.0126)
('SIG', 0.0126)
('HRI', 0.0127)
('LH', 0.0127)
('POWI', 0.0127)
('SVC', 0.0127)
('TXRH', 0.0127)
('HPK', 0.0128)
('IEX', 0.0128)
('KBH', 0.0128)
('TSM', 0.0128)
('FOXA', 0.0128999995)
('GCBC', 0.0128999995)
('NDAQ', 0.0128999995)
('NVO', 0.0128999995)
('PX', 0.0128999995)
('TFPM', 0.0128999995)
('WFRD', 0.0128999995)
('NSSC', 0.012999999)
('NVGS', 0.012999999)
('TDF', 0.012999999)
('APO', 0.013099999)
('CB', 0.013099999)
('PRI', 0.013099999)
('TRI', 0.013099999)
('APOG', 0.013200001)
('BWA', 0.013200001)
('CMC', 0.013200001)
('FCX', 0.013200001)
('POOL', 0.013200001)
('TEX', 0.013200001)
('CDW', 0.013300001)
('ESRT', 0.013300001)
('HLI', 0.013300001)
('MMI', 0.013300001)
('OC', 0.013300001)
('TJX', 0.013300001)
('USCB', 0.013300001)
('WDFC', 0.013300001)
('BRC', 0.0134000005)
('PWP', 0.0134000005)
('SNDR', 0.0134000005)
('BY', 0.0135)
('STM', 0.0135)
('UNTY', 0.0135)
('BALL', 0.0136)
('CHX', 0.0136)
('DELL', 0.0136)
('HUM', 0.0136)
('MCS', 0.0136)
('PRMW', 0.0136)
('PSMT', 0.0136)
('RBA', 0.0136)
('TFII', 0.0136)
('UTZ', 0.0136)
('YOU', 0.0136)
('ALLE', 0.0137)
('B', 0.0137)
('TWIN', 0.0137)
('MMS', 0.0138)
('NPK', 0.0138)
('STLD', 0.0138)
('FBK', 0.0139)
('FOX', 0.0139)
('GOLF', 0.0139)
('SEM', 0.0139)
('SNX', 0.0139)
('ST', 0.0139)
('WFG', 0.0139)
('DRH', 0.0139999995)
('IHG', 0.0139999995)
('IOSP', 0.0139999995)
('MNSO', 0.0139999995)
('ROL', 0.0139999995)
('WM', 0.0139999995)
('GPK', 0.014099999)
('SCHW', 0.014099999)
('DPZ', 0.014199999)
('EQBK', 0.014199999)
('SFBS', 0.014199999)
('SSNC', 0.014199999)
('TNC', 0.014199999)
('YUMC', 0.014199999)
('EML', 0.0143)
('FCFS', 0.0143)
('HCI', 0.0143)
('SFBC', 0.0143)
('CSX', 0.014400001)
('RUSHB', 0.014400001)
('SLGN', 0.014400001)
('FIP', 0.0145000005)
('HAYN', 0.0145000005)
('HES', 0.0145000005)
('MAS', 0.0145000005)
('AMAL', 0.0146)
('COF', 0.0146)
('CRH', 0.0146)
('DCI', 0.0146)
('HTBI', 0.0146)
('NGVC', 0.0146)
('OSBC', 0.0146)
('VRE', 0.0146)
('BUD', 0.0147)
('DE', 0.0147)
('EEX', 0.0147)
('SCI', 0.0147)
('ATKR', 0.0148)
('BHE', 0.0148)
('UMBF', 0.0148)
('UNH', 0.0148)
('CAT', 0.0149)
('COLM', 0.0149)
('FORTY', 0.0149)
('KELYA', 0.0149)
('LECO', 0.0149)
('MMC', 0.0149)
('WERN', 0.0149)
('AGO', 0.015)
('AIN', 0.015)
('AIZ', 0.015)
('CPHC', 0.015)
('EXPI', 0.015)
('NUE', 0.015)
('ACU', 0.0150999995)
('GRMN', 0.0150999995)
('KELYB', 0.0150999995)
('MRTN', 0.0150999995)
('RNGR', 0.0152)
('HSII', 0.0153)
('MCRI', 0.0153)
('RS', 0.0153)
('SHYF', 0.0153)
('FNWD', 0.0154)
('LVS', 0.0155)
('CBNK', 0.0156)
('ELV', 0.015700001)
('FLS', 0.015700001)
('GNTX', 0.015700001)
('OTIS', 0.015700001)
('SMBC', 0.015700001)
('SPNS', 0.015700001)
('WTFC', 0.015700001)
('CBT', 0.015800001)
('SCVL', 0.015800001)
('TMUS', 0.015800001)
('BEKE', 0.0159)
('G', 0.0159)
('WLK', 0.0159)
('ADEA', 0.016)
('CX', 0.016)
('FERG', 0.016)
('AU', 0.0161)
('CTSH', 0.0161)
('HMY', 0.0161)
('MRO', 0.0161)
('RPM', 0.0161)
('ASTE', 0.0162)
('BDX', 0.0162)
('FIS', 0.0162)
('HLN', 0.0162)
('IFF', 0.0162)
('MGYR', 0.0162)
('YMM', 0.0162)
('ADI', 0.0163)
('DLB', 0.0163)
('NOC', 0.0163)
('RELX', 0.0163)
('SF', 0.0163)
('STEP', 0.0163)
('ATEN', 0.0164)
('BCML', 0.0164)
('MTH', 0.0164)
('SIGI', 0.0164)
('TKR', 0.0164)
('ALB', 0.0165)
('GIL', 0.0165)
('LOGI', 0.0165)
('MGRC', 0.0165)
('TSCO', 0.0165)
('VOXR', 0.0165)
('BBD', 0.0166)
('BFH', 0.0166)
('LEG', 0.0166)
('OVLY', 0.0166)
('RGA', 0.0166)
('BBDO', 0.0167)
('BR', 0.0167)
('HTHT', 0.0167)
('RL', 0.0167)
('ANDE', 0.0168)
('DNB', 0.0168)
('GATX', 0.0168)
('RVSB', 0.016900001)
('RYAAY', 0.016900001)
('TAC', 0.016900001)
('WH', 0.016900001)
('ABM', 0.017)
('BANF', 0.017)
('NXPI', 0.017)
('VCIG', 0.017)
('WS', 0.017)
('ACN', 0.0171)
('AVY', 0.0171)
('EPC', 0.0171)
('FRBA', 0.0171)
('TRV', 0.0171)
('VFC', 0.0171)
('ZGN', 0.0171)
('AMTB', 0.0172)
('CBSH', 0.0172)
('KNOP', 0.0172)
('WSM', 0.0172)
('ATAT', 0.0173)
('FUSB', 0.0173)
('HBB', 0.0173)
('OBT', 0.0173)
('TEL', 0.0173)
('KRO', 0.0174)
('PAAS', 0.0174)
('RELL', 0.0174)
('SBAC', 0.0174)
('SBS', 0.0174)
('STZ', 0.0174)
('ZEUS', 0.0174)
('WOR', 0.0175)
('BERY', 0.0176)
('KLIC', 0.0176)
('LOW', 0.0176)
('NOA', 0.0176)
('CI', 0.0177)
('EQT', 0.0177)
('GEN', 0.0177)
('PKOH', 0.0177)
('TTC', 0.0177)
('CNO', 0.0178)
('OSK', 0.0178)
('OXY', 0.0178)
('WAL', 0.0178)
('CAMT', 0.0179)
('NTAP', 0.0179)
('SPFI', 0.0179)
('AOS', 0.018)
('ARKO', 0.018)
('ASR', 0.018)
('HQI', 0.018)
('SYF', 0.018099999)
('DRD', 0.0182)
('HCKT', 0.0182)
('NMR', 0.0182)
('PARA', 0.0182)
('TRGP', 0.0182)
('ODC', 0.0183)
('WNC', 0.0183)
('DD', 0.0184)
('SPB', 0.0184)
('ABT', 0.0185)
('DFS', 0.0185)
('AEM', 0.0186)
('CAH', 0.0186)
('CWCO', 0.0186)
('EBAY', 0.0186)
('IROQ', 0.0187)
('LHX', 0.0187)
('LW', 0.0187)
('UTMD', 0.0187)
('AL', 0.0188)
('JD', 0.0188)
('JJSF', 0.0188)
('NRG', 0.0188)
('SHOO', 0.0188)
('ASTL', 0.0189)
('HIG', 0.0189)
('MEOH', 0.0189)
('NEU', 0.0189)
('NKE', 0.019)
('PATK', 0.019)
('AFL', 0.0191)
('ASH', 0.0191)
('IRDM', 0.0191)
('OBK', 0.0191)
('SUPV', 0.0191)
('THO', 0.0191)
('WTI', 0.0191)
('EQIX', 0.019199999)
('LBRT', 0.019199999)
('RRR', 0.019199999)
('SYBT', 0.019199999)
('DGX', 0.019299999)
('ADP', 0.0194)
('EMR', 0.0194)
('GD', 0.0194)
('GNE', 0.0194)
('MCY', 0.0194)
('MTDR', 0.0194)
('NEN', 0.0194)
('BFC', 0.0195)
('ROK', 0.0195)
('STEL', 0.0195)
('FER', 0.0196)
('JCI', 0.0196)
('OLN', 0.0196)
('MDRR', 0.0197)
('PSO', 0.0197)
('FFIN', 0.0198)
('KFY', 0.0198)
('KOF', 0.0198)
('NOV', 0.0198)
('DOLE', 0.0199)
('FAST', 0.0199)
('GRC', 0.0199)
('KMPR', 0.0199)
('LANC', 0.0199)
('SM', 0.0199)
('ALL', 0.02)
('BDL', 0.02)
('EEA', 0.02)
('FDX', 0.0201)
('WELL', 0.0201)
('HNVR', 0.0202)
('ISTR', 0.0202)
('MGEE', 0.020299999)
('MT', 0.020299999)
('YUM', 0.020299999)
('ELTK', 0.020399999)
('GBX', 0.020399999)
('NHC', 0.020399999)
('BABA', 0.020499999)
('BX', 0.020499999)
('HTLF', 0.020499999)
('CME', 0.020599999)
('QCOM', 0.020599999)
('BLK', 0.0207)
('FPI', 0.0207)
('PAHC', 0.0207)
('AZN', 0.0208)
('BC', 0.0208)
('CVR', 0.0208)
('ESNT', 0.0208)
('FG', 0.0208)
('FSP', 0.0208)
('GFI', 0.0208)
('LZB', 0.0208)
('MGY', 0.0208)
('MSEX', 0.0208)
('BOKF', 0.0209)
('BBW', 0.021)
('BSVN', 0.021)
('EL', 0.021)
('GOLD', 0.021)
('LINE', 0.021)
('AIG', 0.0211)
('FBNC', 0.0211)
('SCL', 0.0211)
('HEES', 0.0212)
('MRX', 0.0212)
('RTX', 0.0212)
('SLVM', 0.0212)
('WMK', 0.0212)
('BFST', 0.021300001)
('BOWL', 0.021300001)
('CBRL', 0.021300001)
('EFSC', 0.021300001)
('EQH', 0.021300001)
('IBOC', 0.021300001)
('MKC', 0.021300001)
('CL', 0.0214)
('PPG', 0.0214)
('TNK', 0.0214)
('AMRK', 0.0215)
('IMMR', 0.0215)
('HON', 0.0216)
('NSC', 0.0216)
('USPH', 0.0216)
('HOG', 0.0217)
('PKG', 0.0217)
('SXT', 0.0217)
('CPK', 0.0218)
('DOX', 0.0218)
('JEF', 0.0218)
('NTIC', 0.0218)
('PHIN', 0.0218)
('SEE', 0.0219)
('TM', 0.0219)
('LTM', 0.022)
('MMM', 0.022)
('R', 0.022)
('MTG', 0.0221)
('NEM', 0.0221)
('BKR', 0.0222)
('CMI', 0.0222)
('HTH', 0.0222)
('SSB', 0.0222)
('AXS', 0.0223)
('CWT', 0.0223)
('FSFG', 0.0223)
('CE', 0.0224)
('CLAR', 0.0224)
('HBCP', 0.0224)
('INTC', 0.0224)
('JPM', 0.0224)
('WMG', 0.0224)
('AWK', 0.0225)
('SII', 0.0225)
('SNA', 0.0225)
('VOYA', 0.0225)
('ASIX', 0.0226)
('CNI', 0.0226)
('EAF', 0.0226)
('EWBC', 0.0226)
('HY', 0.0226)
('JNPR', 0.0226)
('KR', 0.0226)
('PBHC', 0.0226)
('RTO', 0.0226)
('DKS', 0.0227)
('AVD', 0.0228)
('AWR', 0.0228)
('BTE', 0.0228)
('CZWI', 0.0228)
('EG', 0.0228)
('ITW', 0.0228)
('WSO', 0.0228)
('ACT', 0.0229)
('APD', 0.0229)
('HD', 0.0229)
('ARES', 0.023)
('CINF', 0.023)
('THG', 0.023)
('UNP', 0.023)
('AVT', 0.0231)
('GS', 0.0231)
('TTEC', 0.0231)
('FBIZ', 0.0232)
('GLW', 0.0232)
('MNSB', 0.0232)
('TEO', 0.0232)
('ATO', 0.0233)
('NATH', 0.0233)
('NECB', 0.0233)
('AVNT', 0.0234)
('FFNW', 0.0234)
('FIHL', 0.0235)
('LUV', 0.0235)
('CAKE', 0.023599999)
('IRM', 0.023599999)
('PRDO', 0.023599999)
('SSBI', 0.023599999)
('VSH', 0.023599999)
('BAFN', 0.0238)
('CF', 0.0238)
('ELP', 0.0238)
('IMO', 0.0238)
('WGO', 0.0238)
('INGR', 0.0239)
('OTTR', 0.0239)
('YORW', 0.0239)
('MCD', 0.024)
('SLM', 0.024)
('CNS', 0.0241)
('INFY', 0.0241)
('RBCAA', 0.0241)
('WD', 0.0241)
('LMT', 0.0242)
('SRCE', 0.0242)
('GWRS', 0.024300002)
('MCHP', 0.024300002)
('CHRW', 0.024400001)
('PG', 0.024400001)
('OFG', 0.024500001)
('SAH', 0.024500001)
('SGHC', 0.024500001)
('CNNE', 0.024600001)
('ELPC', 0.024600001)
('ESP', 0.024600001)
('HAL', 0.024600001)
('ORRF', 0.024600001)
('PRK', 0.024600001)
('CWH', 0.0247)
('IPAR', 0.0247)
('SBUX', 0.0247)
('WFC', 0.0247)
('RLX', 0.0248)
('BAC', 0.0249)
('VALU', 0.0249)
('BK', 0.025)
('MUFG', 0.025)
('AFG', 0.0251)
('EIG', 0.0251)
('FCCO', 0.0252)
('FSBW', 0.0252)
('HRB', 0.0252)
('EGBN', 0.0253)
('FMBH', 0.0254)
('MPC', 0.0254)
('PUK', 0.0254)
('SCCO', 0.0254)
('GBCI', 0.0255)
('KTB', 0.0255)
('TPG', 0.0255)
('ACI', 0.0257)
('AEO', 0.0257)
('MATV', 0.0257)
('WY', 0.0257)
('ARIS', 0.025799999)
('CSGS', 0.025799999)
('CWBC', 0.025799999)
('HPE', 0.025899999)
('WKC', 0.025899999)
('NBHC', 0.025999999)
('WWW', 0.025999999)
('BANC', 0.026099999)
('RNST', 0.026099999)
('CHMG', 0.026199998)
('MPB', 0.026199998)
('PLBC', 0.026199998)
('UNM', 0.026199998)
('BTT', 0.026300002)
('CCBG', 0.026300002)
('IBTX', 0.026300002)
('BHLB', 0.026400002)
('NRC', 0.026400002)
('FSBC', 0.026500002)
('HNI', 0.026500002)
('TXN', 0.026500002)
('NEE', 0.026600001)
('BRN', 0.026700001)
('OPI', 0.026700001)
('GABC', 0.026800001)
('HONE', 0.026800001)
('OFLX', 0.0269)
('SBCF', 0.0269)
('TRMK', 0.0269)
('CHCO', 0.027)
('HWBK', 0.0271)
('KFRC', 0.0272)
('PAG', 0.0272)
('SMFG', 0.0272)
('SYY', 0.0272)
('WTTR', 0.0272)
('XRAY', 0.0272)
('VCTR', 0.0273)
('CCEP', 0.0274)
('MDLZ', 0.0274)
('STNG', 0.0274)
('AMSF', 0.0275)
('EXE', 0.0275)
('PEG', 0.0275)
('AAP', 0.0276)
('ELS', 0.0276)
('BBWI', 0.0277)
('BPOP', 0.0277)
('DLR', 0.0277)
('OMC', 0.0277)
('SLB', 0.0277)
('STRA', 0.0277)
('FUNC', 0.0278)
('GLNG', 0.0278)
('MBCN', 0.0278)
('MET', 0.0278)
('PBI', 0.0278)
('BWFG', 0.027999999)
('CG', 0.027999999)
('FWRD', 0.027999999)
('GSBC', 0.027999999)
('KDP', 0.027999999)
('VTR', 0.027999999)
('CFFI', 0.028099999)
('FR', 0.028099999)
('MTB', 0.028099999)
('AMGN', 0.028199999)
('FXNC', 0.028199999)
('KARO', 0.028199999)
('PAYX', 0.028199999)
('VTMX', 0.028199999)
('ARCO', 0.028299998)
('FNWB', 0.028299998)
('K', 0.028299998)
('WLYB', 0.028299998)
('RES', 0.028399998)
('WLY', 0.028399998)
('CCNE', 0.028499998)
('CMCSA', 0.028499998)
('HII', 0.028499998)
('JXN', 0.028499998)
('OPOF', 0.028499998)
('ALV', 0.0286)
('BAM', 0.0286)
('DB', 0.0287)
('HOMB', 0.0287)
('ARCH', 0.028800001)
('BCS', 0.028800001)
('CSCO', 0.028800001)
('COP', 0.028900001)
('DG', 0.028900001)
('GAP', 0.028900001)
('SUI', 0.028900001)
('RBB', 0.029000001)
('CRBG', 0.0291)
('PGRE', 0.0291)
('SJW', 0.0291)
('STX', 0.0291)
('CASS', 0.0292)
('GNTY', 0.0292)
('IBCP', 0.0292)
('ONB', 0.0293)
('AGRO', 0.0294)
('CNP', 0.0294)
('EBC', 0.0294)
('SMG', 0.0294)
('FUN', 0.0295)
('LKFN', 0.0295)
('BANR', 0.0296)
('CATY', 0.0296)
('CNOB', 0.0296)
('CVGW', 0.0296)
('PEBK', 0.0296)
('VBTX', 0.0296)
('AMH', 0.0297)
('SBFG', 0.0297)
('SNN', 0.0297)
('STC', 0.0297)
('TGT', 0.0297)
('CRC', 0.0298)
('FCBC', 0.0298)
('FGBI', 0.0298)
('KO', 0.0298)
('LCUT', 0.0298)
('NOK', 0.0298)
('TPR', 0.0298)
('CBAN', 0.0299)
('CLX', 0.0299)
('EBTC', 0.0299)
('CBU', 0.03)
('NC', 0.03)
('NTRS', 0.03)
('EOG', 0.0301)
('BOTJ', 0.030199999)
('CADE', 0.030199999)
('CFR', 0.030199999)
('CMS', 0.030199999)
('FBMS', 0.030199999)
('MRK', 0.030199999)
('UTL', 0.030199999)
('UVSP', 0.030199999)
('ADT', 0.030299999)
('LEVI', 0.030299999)
('RCKY', 0.030299999)
('VIPS', 0.030299999)
('AGM', 0.0304)
('HP', 0.0304)
('HPQ', 0.0304)
('SRE', 0.0304)
('VIRT', 0.0304)
('NBTB', 0.0305)
('FHI', 0.0306)
('HSY', 0.0306)
('IVT', 0.0306)
('ACNB', 0.0307)
('AMT', 0.0307)
('ERIC', 0.0307)
('FDBC', 0.0307)
('HWC', 0.0307)
('NI', 0.0307)
('ORI', 0.0307)
('PKX', 0.0307)
('TCBK', 0.0307)
('TGNA', 0.0307)
('OVV', 0.0308)
('SNV', 0.0308)
('WEYS', 0.0308)
('CGAU', 0.0309)
('CRCT', 0.0309)
('IX', 0.0309)
('RDN', 0.0309)
('TOWN', 0.0309)
('UE', 0.0309)
('JNJ', 0.031)
('MCBS', 0.031)
('RPRX', 0.031)
('UL', 0.031)
('WAFD', 0.031)
('MDT', 0.0311)
('AEE', 0.0312)
('MOS', 0.0312)
('KMT', 0.0313)
('AKR', 0.031400003)
('AVB', 0.031400003)
('CIVB', 0.031400003)
('QUAD', 0.031400003)
('RHI', 0.031400003)
('SWKS', 0.0315)
('WBS', 0.0315)
('ESSA', 0.031600002)
('FCF', 0.031600002)
('FDP', 0.031600002)
('KSM', 0.031600002)
('PPL', 0.031600002)
('DMF', 0.0317)
('MS', 0.0317)
('NTES', 0.0317)
('UVE', 0.0317)
('LEA', 0.0318)
('PB', 0.0318)
('CPB', 0.0319)
('FCAP', 0.0319)
('NRP', 0.0319)
('NSP', 0.0319)
('NWL', 0.0319)
('ASX', 0.032)
('HI', 0.032)
('MFG', 0.032)
('TAP', 0.032)
('CNXC', 0.0321)
('EMN', 0.0321)
('FMAO', 0.0321)
('IBM', 0.0321)
('JRVR', 0.0321)
('ABBV', 0.0322)
('WNEB', 0.0322)
('BAX', 0.0323)
('CCEC', 0.0325)
('FMS', 0.0325)
('IDA', 0.0325)
('LKQ', 0.0325)
('OPBK', 0.0325)
('PECO', 0.0325)
('SCHL', 0.0325)
('SO', 0.0325)
('XOM', 0.0325)
('BFIN', 0.0327)
('COFS', 0.0327)
('FNF', 0.0327)
('PEP', 0.0327)
('TRNO', 0.0327)
('BKU', 0.0328)
('CABO', 0.0328)
('STT', 0.0328)
('UFCS', 0.0328)
('XEL', 0.0328)
('AMX', 0.032899998)
('BG', 0.032899998)
('MLKN', 0.032899998)
('SCS', 0.032899998)
('CVE', 0.033)
('DTM', 0.033)
('EVBN', 0.033099998)
('FNB', 0.033099998)
('SKT', 0.033099998)
('TSBK', 0.033099998)
('BKE', 0.0332)
('ED', 0.0332)
('ETR', 0.0332)
('FBP', 0.0332)
('IP', 0.0332)
('QSR', 0.0332)
('SHBI', 0.0332)
('DEO', 0.033299997)
('LNT', 0.033299997)
('MBWM', 0.033299997)
('PZZA', 0.033299997)
('CALM', 0.0334)
('PFBC', 0.0334)
('VLO', 0.0334)
('ZION', 0.0334)
('BPRN', 0.0335)
('CYD', 0.0335)
('VABK', 0.0335)
('DCOM', 0.0336)
('DTE', 0.0336)
('IRT', 0.0336)
('OWL', 0.0336)
('TSN', 0.0336)
('DMB', 0.0337)
('JWN', 0.0337)
('RY', 0.0337)
('CMRE', 0.033800002)
('REYN', 0.033800002)
('PKBK', 0.0339)
('PLD', 0.0339)
('BSRR', 0.034)
('GDEN', 0.034)
('NOMD', 0.034)
('UCB', 0.034)
('WTRG', 0.034)
('XHR', 0.034)
('CEE', 0.0341)
('GHG', 0.0341)
('C', 0.0342)
('MOFG', 0.0342)
('PNC', 0.0342)
('SAFE', 0.0342)
('WABC', 0.0342)
('FITB', 0.0343)
('GEF', 0.0343)
('FAF', 0.0344)
('GILD', 0.0344)
('MDU', 0.0344)
('MXE', 0.0344)
('SWX', 0.0344)
('TRN', 0.0344)
('ALTG', 0.0345)
('CZFS', 0.0345)
('NVS', 0.0345)
('NFG', 0.0346)
('ALLY', 0.0347)
('COLD', 0.0347)
('KB', 0.0347)
('YRD', 0.0347)
('DTF', 0.0348)
('VLGEA', 0.0348)
('FHN', 0.0349)
('JACK', 0.0349)
('JOF', 0.0349)
('RYI', 0.0349)
('WEC', 0.0349)
('BHRB', 0.035)
('CBFV', 0.035)
('EBMT', 0.035)
('AROC', 0.035099998)
('DRI', 0.035099998)
('SWK', 0.035099998)
('GIS', 0.0352)
('GPC', 0.0352)
('ESS', 0.0354)
('GRF', 0.0354)
('HBT', 0.0354)
('PTVE', 0.0354)
('STEW', 0.0354)
('PFG', 0.0355)
('SHO', 0.0355)
('TY', 0.0355)
('ARTNA', 0.0356)
('CLDT', 0.0356)
('MVBF', 0.0356)
('TKC', 0.0356)
('AE', 0.0357)
('FRST', 0.0357)
('INVH', 0.0357)
('UGP', 0.0357)
('CTRE', 0.0358)
('EXTO', 0.0358)
('DSM', 0.0359)
('MC', 0.0359)
('STBA', 0.0359)
('ENLC', 0.036)
('SFNC', 0.036)
('KVUE', 0.0361)
('MRBK', 0.0361)
('TS', 0.0361)
('AUB', 0.036199998)
('CPT', 0.036199998)
('OTEX', 0.036199998)
('PROV', 0.036199998)
('QFIN', 0.036199998)
('SMP', 0.036199998)
('CTBI', 0.0363)
('GROW', 0.0363)
('KMB', 0.0363)
('WSR', 0.0363)
('HMN', 0.0364)
('INDB', 0.0364)
('LXFR', 0.0364)
('HRL', 0.0365)
('LEO', 0.0365)
('MGIC', 0.0365)
('NIM', 0.0365)
('OXM', 0.0365)
('ADM', 0.0366)
('RYN', 0.0366)
('SW', 0.0366)
('EPRT', 0.0367)
('FMC', 0.0367)
('IFS', 0.0367)
('PKE', 0.0367)
('TXNM', 0.0367)
('CDP', 0.0369)
('CXH', 0.0369)
('WMB', 0.0369)
('CNA', 0.037)
('CTRA', 0.037)
('BHB', 0.037100002)
('CCU', 0.037100002)
('DUK', 0.037100002)
('ENR', 0.037100002)
('MAC', 0.037100002)
('PSA', 0.037100002)
('SEI', 0.0372)
('LCII', 0.0373)
('SGC', 0.0373)
('SSTK', 0.0373)
('FFBC', 0.0374)
('OVBC', 0.0374)
('OZK', 0.0374)
('GIC', 0.0375)
('JHG', 0.0375)
('LAZ', 0.0375)
('PII', 0.0375)
('REG', 0.0375)
('VET', 0.0376)
('FULT', 0.0377)
('OGS', 0.0377)
('CMCL', 0.0378)
('FRME', 0.0378)
('NUS', 0.0379)
('SIMO', 0.0379)
('ALGT', 0.0381)
('NRIM', 0.0381)
('AHR', 0.0382)
('NXST', 0.0382)
('SNY', 0.0382)
('AEP', 0.0383)
('GCMG', 0.0383)
('KLG', 0.0383)
('PCB', 0.0383)
('PSX', 0.0383)
('SJM', 0.0383)
('TMP', 0.0383)
('CPF', 0.038399998)
('EIX', 0.0385)
('ROIC', 0.0385)
('MUR', 0.038599998)
('VAC', 0.038599998)
('BOH', 0.0387)
('WHG', 0.0387)
('BSAC', 0.0388)
('NCA', 0.0388)
('AROW', 0.038900003)
('CHT', 0.038900003)
('IGT', 0.038900003)
('ASB', 0.039)
('DAC', 0.039)
('DHIL', 0.039100002)
('EQR', 0.039100002)
('FRAF', 0.039100002)
('SIRI', 0.039100002)
('CRGY', 0.0392)
('CVEO', 0.0392)
('PBF', 0.0392)
('REXR', 0.0392)
('RGCO', 0.039300002)
('AUDC', 0.0394)
('BIPC', 0.0394)
('CET', 0.0394)
('DBI', 0.0394)
('MAA', 0.0394)
('UBSI', 0.0394)
('SWBI', 0.0395)
('BUSE', 0.0396)
('LARK', 0.0396)
('HBNC', 0.0397)
('HFWA', 0.0397)
('SD', 0.0397)
('ALRS', 0.0398)
('EXC', 0.0398)
('FRT', 0.0398)
('NJR', 0.0398)
('TV', 0.0398)
('CAC', 0.0399)
('FINV', 0.0399)
('MFC', 0.0399)
('FF', 0.0401)
('HBAN', 0.0401)
('NUW', 0.0401)
('RCI', 0.0401)
('SHG', 0.0401)
('STAG', 0.0401)
('CFG', 0.0402)
('EXR', 0.0402)
('PMO', 0.0402)
('SLG', 0.0403)
('FMN', 0.0404)
('NWFL', 0.0404)
('MNRO', 0.0405)
('NNY', 0.0405)
('BKDT', 0.040700004)
('FE', 0.040700004)
('JHS', 0.040700004)
('KALU', 0.040700004)
('SON', 0.040700004)
('WSBF', 0.040700004)
('LGTY', 0.040799998)
('SASR', 0.040799998)
('SHEL', 0.040799998)
('RHP', 0.040900003)
('SPTN', 0.040900003)
('STRW', 0.040900003)
('ADC', 0.041100003)
('JOUT', 0.041100003)
('CM', 0.041199997)
('GBLI', 0.041199997)
('TNL', 0.041199997)
('UDR', 0.041199997)
('MATW', 0.041300002)
('PM', 0.041300002)
('VTRS', 0.041300002)
('BBY', 0.0414)
('PINC', 0.0414)
('CVBF', 0.041500002)
('HURC', 0.041500002)
('NL', 0.041500002)
('VRTS', 0.041500002)
('CNH', 0.0417)
('JBGS', 0.0417)
('PNW', 0.0417)
('TROX', 0.0417)
('CURI', 0.0418)
('NUV', 0.0418)
('THFF', 0.0418)
('USB', 0.0418)
('FHB', 0.0419)
('KRG', 0.0419)
('TAK', 0.0419)
('DGICB', 0.042)
('HPP', 0.042)
('KIM', 0.042)
('ZTO', 0.042)
('EMBC', 0.0421)
('HIHO', 0.0421)
('MSM', 0.0421)
('NXC', 0.0421)
('NXN', 0.0421)
('RM', 0.0421)
('ETX           ', 0.0422)
('NXP', 0.0423)
('PRGO', 0.0423)
('AFB', 0.0424)
('BRX', 0.0424)
('GSK', 0.0424)
('OKE', 0.0424)
('RF', 0.0424)
('FMX', 0.0425)
('HAS', 0.0425)
('OGE', 0.0425)
('FTS', 0.042600002)
('LNKB', 0.042600002)
('CUZ', 0.0427)
('LAMR', 0.0427)
('LAND', 0.0427)
('CIX', 0.0428)
('HFBL', 0.0428)
('PRU', 0.0429)
('CUBE', 0.0431)
('EVRG', 0.0431)
('LX', 0.0431)
('PCH', 0.0431)
('PTEN', 0.0431)
('RMBI', 0.0431)
('FLO', 0.0432)
('PCK', 0.0432)
('SLF', 0.0432)
('SU', 0.0432)
('APA', 0.0433)
('HSBC', 0.0433)
('MFM', 0.0433)
('MMD', 0.0433)
('DEI', 0.0434)
('POR', 0.0434)
('HAFC', 0.0436)
('ELME', 0.0437)
('PCQ', 0.0437)
('CVX', 0.0438)
('TRST', 0.0438)
('ALE', 0.044)
('OCFC', 0.044)
('EPSN', 0.044099998)
('HMST', 0.044099998)
('BMY', 0.0442)
('HMC', 0.0442)
('ASRV', 0.044299997)
('CSAN', 0.0444)
('CMU', 0.044499997)
('NFBK', 0.044499997)
('SBSI', 0.0446)
('NTR', 0.044699997)
('IPG', 0.0448)
('BKH', 0.044899996)
('CSR', 0.044899996)
('ES', 0.044899996)
('MHI', 0.044899996)
('KW', 0.045)
('NLOP', 0.045100003)
('SAN', 0.045100003)
('BMRC', 0.0452)
('CMA', 0.0452)
('TROW', 0.0452)
('VNOM', 0.0452)
('D', 0.045300003)
('HOPE', 0.045300003)
('DGICA', 0.045500003)
('M', 0.045500003)
('NWG', 0.045500003)
('PMM', 0.0456)
('SSRM', 0.0456)
('WSBC', 0.0456)
('NAVI', 0.045700002)
('OPRA', 0.045700002)
('RDUS', 0.045700002)
('HUN', 0.0458)
('MAV', 0.0458)
('MFIN', 0.0458)
('ESCA', 0.045900002)
('KT', 0.045900002)
('MYE', 0.046)
('IVZ', 0.0461)
('SAFT', 0.0461)
('CXE', 0.0462)
('HST', 0.0462)
('NMS', 0.0462)
('CNQ', 0.0465)
('MERC', 0.0466)
('ATNI', 0.0467)
('VLY', 0.0467)
('PHX', 0.0468)
('UG', 0.0468)
('AES', 0.0469)
('ARE', 0.0469)
('NOG', 0.0469)
('WTBA', 0.0469)
('ICL', 0.0471)
('NHI', 0.0471)
('YY', 0.0471)
('UMH', 0.047199998)
('WPP', 0.047199998)
('BEPC', 0.047399998)
('NMI', 0.047399998)
('ALEX', 0.0475)
('BIP', 0.0475)
('PAI', 0.0475)
('PLYM', 0.0475)
('TSI', 0.0475)
('CODI', 0.0476)
('KMI', 0.0476)
('PWOD', 0.0476)
('ATLO', 0.0477)
('CVS', 0.0477)
('EGY', 0.0477)
('KEY', 0.0477)
('SB', 0.0477)
('ZIM', 0.0477)
('KHC', 0.0478)
('PAC', 0.0478)
('BRKL', 0.0479)
('NTB', 0.0479)
('PNI', 0.048)
('MGA', 0.0481)
('HASI', 0.0482)
('CAG', 0.048299998)
('CCOI', 0.048299998)
('SR', 0.048299998)
('BTG', 0.048600003)
('PZC', 0.048600003)
('TFC', 0.048600003)
('UPS', 0.048600003)
('VLYPN', 0.048600003)
('MAN', 0.048699997)
('SAMG', 0.048800003)
('MTR', 0.048899997)
('SPG', 0.048899997)
('SXC', 0.048899997)
('INSI', 0.049000002)
('BMO', 0.049099997)
('IMOS', 0.049099997)
('FMNB', 0.049200002)
('PBA', 0.049200002)
('NWE', 0.0493)
('EBF', 0.0494)
('AGR', 0.0495)
('BRDG', 0.0495)
('BXP', 0.0495)
('AUBN', 0.0496)
('PYN', 0.0496)
('AMCR', 0.0497)
('CMP', 0.0498)
('NKSH', 0.0499)
('PDCO', 0.0499)
('NFE', 0.05)
('NXRT', 0.05)
('PFC', 0.05)
('AESI', 0.050100002)
('MSBI', 0.050100002)
('LRFC', 0.0502)
('PNF', 0.0502)
('T', 0.0502)
('UPBD', 0.0502)
('AAT', 0.050300002)
('EOT', 0.050300002)
('FISI', 0.050300002)
('HIMX', 0.050300002)
('FCPT', 0.0504)
('LANDM', 0.0504)
('DAN', 0.0506)
('PDM', 0.0506)
('PLTK', 0.0506)
('BMN', 0.0507)
('GGAL', 0.0507)
('COLB', 0.0508)
('NWN', 0.0509)
('PFS', 0.0509)
('PMX', 0.0509)
('WEN', 0.0509)
('BAP', 0.0511)
('UNB', 0.0511)
('EGF', 0.0512)
('PLOW', 0.0514)
('PAX', 0.0515)
('DINO', 0.0517)
('AVA', 0.051799998)
('PPBI', 0.051799998)
('PEBO', 0.0519)
('XYF', 0.0519)
('PMF', 0.0521)
('BHP', 0.052199997)
('DVN', 0.052199997)
('OIA', 0.052199997)
('INN', 0.052399997)
('LSBK', 0.052399997)
('PFIS', 0.052399997)
('KRT', 0.0525)
('EICA', 0.052600004)
('ENX', 0.052699998)
('KGS', 0.052699998)
('NVEC', 0.052699998)
('TTP', 0.052800003)
('MUI', 0.0529)
('LYG', 0.053000003)
('NTRSO', 0.053000003)
('CFFN', 0.0533)
('IGI', 0.0533)
('TD', 0.0533)
('NNN', 0.0535)
('MTN', 0.053600002)
('SQM', 0.053600002)
('UBCP', 0.053600002)
('JMM', 0.0537)
('LNC', 0.0537)
('O', 0.0537)
('PML', 0.0537)
('NSA', 0.0538)
('BCBP', 0.0539)
('HTBK', 0.0539)
('PVL', 0.0539)
('EVM', 0.0542)
('BSET', 0.0543)
('HNNA', 0.0544)
('MIO', 0.0544)
('METC', 0.0545)
('STR', 0.0545)
('AQN', 0.0546)
('DOC', 0.0546)
('FITBO', 0.0546)
('TTE', 0.0547)
('LCNB', 0.0548)
('UBFO', 0.0548)
('GDV', 0.054899998)
('NTST', 0.055)
('VBF', 0.055)
('VICI', 0.055)
('FNLC', 0.0552)
('OCCIN', 0.0552)
('GTN', 0.0553)
('KRC', 0.0555)
('MUJ', 0.0555)
('EMF', 0.0558)
('ETD', 0.0558)
('AEG', 0.0559)
('MQY', 0.0559)
('BHV', 0.055999998)
('BKN', 0.0561)
('CC', 0.0561)
('GGB', 0.0561)
('ACGLN', 0.056199998)
('TIMB', 0.056199998)
('BEP', 0.0563)
('ECF', 0.0563)
('MIY', 0.0563)
('LXP', 0.056399997)
('SUZ', 0.056500003)
('HOFT', 0.056599997)
('SELF', 0.056599997)
('VFL', 0.056599997)
('SOR', 0.056799997)
('ACCO', 0.056999996)
('AVAL', 0.056999996)
('CEV', 0.0571)
('FCNCP', 0.0571)
('DOW', 0.0572)
('FFIC', 0.0572)
('NGG', 0.0573)
('MUA', 0.0574)
('BNY', 0.057800002)
('MHN', 0.057800002)
('SBGI', 0.057800002)
('SIGIP', 0.057800002)
('MUC', 0.0579)
('EQNR', 0.058000002)
('HBANP', 0.058000002)
('ITRN', 0.058000002)
('ACGLO', 0.0582)
('BTA', 0.0582)
('ESEA', 0.0582)
('HVT', 0.0583)
('III', 0.0584)
('BYM', 0.0585)
('HYB', 0.0586)
('MSB', 0.0586)
('REPX', 0.0586)
('CCI', 0.0587)
('F', 0.0587)
('NEWT', 0.0587)
('BNS', 0.0588)
('FCNCO', 0.0588)
('MHF', 0.0588)
('EIM', 0.0589)
('MHD', 0.0589)
('BLMN', 0.0591)
('EVN', 0.0591)
('BFK', 0.0592)
('CRI', 0.0592)
('MUE', 0.0592)
('ARC', 0.059299998)
('MVF', 0.059299998)
('MVT', 0.059299998)
('NBB', 0.059299998)
('MQT', 0.0594)
('BEN', 0.059499998)
('MBINO', 0.059499998)
('MPX', 0.059499998)
('MYD', 0.059499998)
('IHTA', 0.0596)
('TRP', 0.0596)
('CZNC', 0.059699997)
('GEL', 0.059699997)
('MYI', 0.059699997)
('MYN', 0.059699997)
('IIPR', 0.0598)
('PBT', 0.0598)
('PFE', 0.0598)
('GTY', 0.059899997)
('NWBI', 0.060100004)
('BLE', 0.060300004)
('NBH', 0.060300004)
('REGCO', 0.060500003)
('BFZ', 0.060599998)
('BFS', 0.060900003)
('CBL', 0.060900003)
('EFSCP', 0.060900003)
('CNOBP', 0.061)
('FITBP', 0.061)
('GLPI', 0.061)
('FIBK', 0.061100002)
('LTC', 0.061100002)
('FANG', 0.0612)
('HIW', 0.061300002)
('CWEN', 0.0614)
('HBANM', 0.0614)
('OCCIO', 0.0615)
('ATHM', 0.0616)
('SGU', 0.0616)
('CII', 0.0617)
('LYB', 0.0617)
('AGNCP', 0.0619)
('BRT', 0.0619)
('FULTP', 0.062)
('GDL', 0.062)
('MEI', 0.062)
('OGN', 0.062)
('WVVIP', 0.062)
('BLX', 0.0621)
('GLP', 0.0623)
('VIV', 0.0624)
('KRNY', 0.0625)
('AM', 0.0626)
('PR', 0.0626)
('TLK', 0.0627)
('CIG', 0.0629)
('SBI', 0.0629)
('SWZ', 0.0629)
('REGCP', 0.063)
('MMU', 0.0631)
('CMTG', 0.063200004)
('APAM', 0.0634)
('HIE', 0.0634)
('PINE', 0.0634)
('UVV', 0.0634)
('BME', 0.0635)
('MXF', 0.0635)
('WPC', 0.0635)
('DLX', 0.0636)
('SKM', 0.0636)
('UWMC', 0.0636)
('PFD', 0.0638)
('VLYPP', 0.0638)
('UGI', 0.0639)
('AGNCO', 0.0642)
('SILA', 0.0642)
('NE', 0.0643)
('CLPR', 0.0644)
('RGT', 0.0644)
('SBRA', 0.0644)
('OZKAP', 0.0645)
('UMC', 0.0646)
('PANL', 0.0647)
('GGZ', 0.0648)
('HSHP', 0.064899996)
('OHI', 0.065)
('BHFAN', 0.0651)
('ENB', 0.0651)
('WTFCM', 0.0652)
('KNTK', 0.0653)
('OXLCP', 0.0653)
('APLE', 0.0654)
('OXLCO', 0.0655)
('VZ', 0.0655)
('BHFAM', 0.0656)
('WASH', 0.0656)
('BP', 0.0657)
('JRSH', 0.065799996)
('CHSCM', 0.0659)
('MPA', 0.0659)
('CPA', 0.066)
('PFO', 0.066)
('DK', 0.066199996)
('MBINN', 0.066199996)
('BSBR', 0.066300005)
('BNL', 0.0664)
('HBANL', 0.0664)
('ABEV', 0.0665)
('BHFAP', 0.0665)
('DIN', 0.0665)
('VRN', 0.0665)
('FUND', 0.066599995)
('RIO', 0.066599995)
('FLC', 0.067)
('PSTL', 0.067)
('FLIC', 0.0671)
('NPV', 0.0671)
('WAFDP', 0.0671)
('CHSCP', 0.0673)
('VINP', 0.0673)
('MKTW', 0.0674)
('KSPI', 0.0675)
('OUT', 0.0675)
('WSBCP', 0.0675)
('DCOMP', 0.067600004)
('FT', 0.067600004)
('ADTN', 0.0677)
('BOE', 0.0678)
('GLBZ', 0.0678)
('GPMT', 0.0678)
('PNFPP', 0.0678)
('WHR', 0.0678)
('BHFAO', 0.0679)
('CHSCN', 0.0679)
('LND', 0.068)
('WTFCP', 0.0682)
('GOODN', 0.0683)
('OLP', 0.0683)
('RLJ', 0.0684)
('MDV', 0.0685)
('ONBPO', 0.0688)
('SUN', 0.0688)
('LANDO', 0.069)
('PKST', 0.069)
('ONBPP', 0.0691)
('ERH', 0.0692)
('SPH', 0.0692)
('TCBIO', 0.0692)
('TEN', 0.0692)
('CQP', 0.0694)
('DCF', 0.0694)
('E', 0.0694)
('BXMX', 0.0695)
('ECCC', 0.0695)
('FFC', 0.0695)
('HTCR', 0.0696)
('ZIONP', 0.069699995)
('HTLFP', 0.0698)
('LANDP', 0.0698)
('BCX', 0.07)
('TEF', 0.07)
('BGR', 0.0701)
('FFA', 0.0701)
('OCFCP', 0.0701)
('CRWS', 0.070300005)
('STK', 0.070300005)
('RGP', 0.0704)
('SPXX', 0.0705)
('GES', 0.070700005)
('JPI', 0.070700005)
('BCH', 0.0708)
('ING', 0.0709)
('TAIT', 0.0709)
('BGY', 0.071)
('JHI', 0.071)
('MPW', 0.071)
('UTG', 0.071)
('XOMA', 0.071)
('CSQ', 0.0712)
('GAIN', 0.0712)
('NMZ', 0.0712)
('CHSCL', 0.0713)
('RAND', 0.0715)
('ARKR', 0.0717)
('RNP', 0.0719)
('SGA', 0.0719)
('AWF', 0.0723)
('PK', 0.0723)
('FRMEP', 0.072399996)
('BHR', 0.0725)
('CCNEP', 0.0726)
('RQI', 0.0726)
('WIA', 0.0726)
('VPV', 0.0728)
('EPD', 0.0729)
('NKX', 0.0729)
('LBRDP', 0.0731)
('NMT', 0.0731)
('HTD', 0.0732)
('BWBBP', 0.0733)
('HR', 0.0733)
('PAGP', 0.0733)
('TU', 0.0733)
('CHSCO', 0.0734)
('OXLCN', 0.0734)
('BORR', 0.0735)
('GNT', 0.0735)
('VTN', 0.073699996)
('RVT', 0.0738)
('BUI', 0.0739)
('UHT', 0.0739)
('PHI', 0.074200004)
('UTF', 0.074200004)
('BBVA', 0.0743)
('GRX', 0.0743)
('NMCO', 0.074499995)
('VKI', 0.074499995)
('AEF', 0.0746)
('FMY', 0.0746)
('BBN', 0.0747)
('NRK', 0.0747)
('GSL', 0.0748)
('NAZ', 0.0748)
('VKQ', 0.0748)
('IIM', 0.0749)
('MGF', 0.075)
('TFINP', 0.075100005)
('GLU', 0.0752)
('KTF', 0.0752)
('IQI', 0.075500004)
('MOV', 0.075500004)
('RFI', 0.075500004)
('VGM', 0.075500004)
('GPRK', 0.0757)
('MO', 0.0757)
('VMO', 0.0757)
('BCV', 0.0758)
('VCV', 0.0758)
('GRNT', 0.0759)
('NAD', 0.076)
('NVG', 0.0761)
('WEA', 0.0761)
('BTO', 0.0762)
('AHH', 0.0763)
('EPR', 0.0763)
('NZF', 0.0763)
('RMR', 0.0763)
('NEA', 0.0764)
('AGNCL', 0.0765)
('NAC', 0.0765)
('NQP', 0.0767)
('NAN', 0.076799996)
('SBSW', 0.076799996)
('LIEN', 0.0769)
('MSBIP', 0.077)
('FGBIP', 0.0771)
('GOOD', 0.0771)
('MBNKP', 0.0771)
('NXJ', 0.0771)
('NDP', 0.077199996)
('RMT', 0.0773)
('NYMTL', 0.0774)
('PAA', 0.0775)
('BDJ', 0.0776)
('PDT', 0.0776)
('TYG', 0.0776)
('BHK', 0.077800006)
('EICB', 0.077800006)
('NOM', 0.077800006)
('SPE', 0.077800006)
('MNSBP', 0.078)
('DIAX', 0.078099996)
('JRS', 0.078099996)
('NTIP', 0.078099996)
('CTO', 0.0784)
('XP', 0.0784)
('ET', 0.0785)
('CIO', 0.0787)
('DSWL', 0.0787)
('FTAIO', 0.0787)
('OCCIM', 0.0788)
('HESM', 0.0791)
('FTAIN', 0.0792)
('NDMO', 0.0792)
('NYMTM', 0.0792)
('DEA', 0.0793)
('AB', 0.0796)
('ALX', 0.0796)
('LADR', 0.0797)
('EICC', 0.0799)
('CYCCP', 0.08)
('MDRRP', 0.08)
('PIM', 0.08)
('MBINM', 0.0802)
('ECCF', 0.080299996)
('MCI', 0.0804)
('USEG', 0.0804)
('QQQX', 0.0805)
('AY', 0.0806)
('BGSF', 0.0806)
('BIGZ', 0.0806)
('MAIN', 0.0806)
('RCS', 0.080699995)
('SPOK', 0.080699995)
('CEPU', 0.0808)
('TSQ', 0.0808)
('SCD', 0.0809)
('ADX', 0.081)
('BMEZ', 0.081)
('SABA', 0.081099994)
('FTAIP', 0.0813)
('XOMAP', 0.081499994)
('ETO', 0.081599995)
('DHF', 0.0817)
('XOMAO', 0.08180001)
('GLAD', 0.081999995)
('CGO', 0.082200006)
('RMMZ', 0.082200006)
('EVT', 0.08229999)
('EOS', 0.082399994)
('JEQ', 0.0825)
('EOI', 0.082600005)
('ESGRP', 0.082600005)
('WDS', 0.082600005)
('HPI', 0.08270001)
('CPAC', 0.0828)
('EMO', 0.0828)
('GGN', 0.0828)
('ATLCP', 0.0829)
('BSTZ', 0.083000004)
('KYN', 0.083000004)
('WIW', 0.083000004)
('OMAB', 0.083100006)
('ETG', 0.0834)
('HPF', 0.0834)
('HPS', 0.083500005)
('NYMTZ', 0.083500005)
('OMF', 0.0836)
('MMT', 0.0837)
('DNP', 0.0838)
('THQ', 0.084300004)
('ESGRO', 0.0844)
('WLKP', 0.0844)
('EDD', 0.0845)
('EVG', 0.0847)
('MITT', 0.0848)
('NOAH', 0.0848)
('PHT', 0.0848)
('ETY', 0.085)
('RMM', 0.085)
('VTS', 0.085)
('BTI', 0.0851)
('RMI', 0.0851)
('GNK', 0.0853)
('MCR', 0.0856)
('WILC', 0.0856)
('CRESY', 0.0858)
('MPV', 0.0858)
('NYMTN', 0.0859)
('PPT', 0.086)
('ASG', 0.0862)
('ERC', 0.0862)
('KREF', 0.0862)
('LOAN', 0.0865)
('MPLX', 0.0865)
('ETV', 0.0866)
('IMPPP', 0.0866)
('RFMZ', 0.0866)
('BANX', 0.0868)
('CHW', 0.0868)
('RFM', 0.087)
('TFSL', 0.0872)
('METCB', 0.087299995)
('SJT', 0.087299995)
('WU', 0.0875)
('EVC', 0.0877)
('BGS', 0.088199995)
('TBLD', 0.088199995)
('MIN', 0.0883)
('ETB', 0.0885)
('WF', 0.0887)
('BKT', 0.089099996)
('AJX', 0.0892)
('FTAIM', 0.089499995)
('NTG', 0.089499995)
('ETJ', 0.08979999)
('BCE', 0.09)
('ENIC', 0.09020001)
('CHRD', 0.090500005)
('CIK', 0.0912)
('EXG', 0.0913)
('ARCC', 0.091400005)
('EAD', 0.091400005)
('SDHY', 0.0916)
('PEO', 0.091800004)
('MARPS', 0.0919)
('DHY', 0.0921)
('PSF', 0.0921)
('FITBI', 0.0923)
('FPF', 0.0923)
('DBL', 0.0926)
('ASGI', 0.093)
('EPM', 0.0932)
('RMAX', 0.0932)
('TPZ', 0.0934)
('VLYPO', 0.0934)
('GMRE', 0.0935)
('RWT', 0.0935)
('ZIONO', 0.0936)
('BTZ', 0.0937)
('TEAF', 0.0937)
('SBR', 0.0938)
('EVV', 0.0941)
('ETW', 0.0943)
('HYT', 0.0943)
('HNW', 0.094399996)
('SLMBP', 0.094399996)
('PTA', 0.095)
('BLW', 0.0951)
('CION', 0.0953)
('RITM', 0.0954)
('WES', 0.0954)
('USAC', 0.096099995)
('TX', 0.0964)
('BSL', 0.096499994)
('NFJ', 0.096599996)
('DEC', 0.096999995)
('BGFV', 0.0971)
('NRO', 0.097200006)
('EFR', 0.09729999)
('STWD', 0.09729999)
('PCN', 0.09770001)
('PTY', 0.097799994)
('BST', 0.0983)
('CIM', 0.0987)
('CAPL', 0.0988)
('JPC', 0.0988)
('BPYPO', 0.0996)
('EFT', 0.099700004)
('HTGC', 0.0998)
('FINS', 0.0999)
('EVF', 0.1)
('OBDC', 0.1001)
('CIF', 0.1003)
('MTEX', 0.1003)
('BPYPP', 0.1004)
('CHI', 0.1005)
('DPG', 0.100600004)
('BXSL', 0.1007)
('DLY', 0.1008)
('BSM', 0.1009)
('BCSF', 0.101)
('CHCT', 0.101)
('LFMDP', 0.101)
('TK', 0.101)
('AGNCM', 0.1011)
('CHY', 0.1011)
('NIE', 0.1015)
('UAN', 0.1015)
('BPYPN', 0.1016)
('HYI', 0.1017)
('SFL', 0.1017)
('USA', 0.1018)
('VLT', 0.1019)
('IDE', 0.102)
('GBAB', 0.102299996)
('BXMT', 0.103)
('CCAP', 0.103199996)
('GBDC', 0.1034)
('PGP', 0.1034)
('VOD', 0.1035)
('MCN', 0.103599995)
('DFP', 0.1041)
('PMD', 0.1041)
('TSLX', 0.1041)
('EMD', 0.1042)
('JRI', 0.104399994)
('DMA', 0.104499996)
('ECAT', 0.104499996)
('JCE', 0.1047)
('LU', 0.1047)
('TEI', 0.10479999)
('BGH', 0.104899995)
('DHT', 0.104899995)
('KRP', 0.105100006)
('NML', 0.105399996)
('CSWC', 0.105500005)
('FOF', 0.105500005)
('AGNCN', 0.10560001)
('FAT', 0.10569999)
('WBA', 0.10569999)
('ARLP', 0.1062)
('FGB', 0.1065)
('NPFD', 0.1065)
('CIB', 0.106800005)
('FRA', 0.106800005)
('GDO', 0.1069)
('GLQ', 0.107)
('SHIP', 0.1073)
('SLRC', 0.1073)
('CATO', 0.1074)
('NXDT', 0.1075)
('ONL', 0.1075)
('HIO', 0.1076)
('LGI', 0.1079)
('BIT', 0.108100004)
('ASC', 0.1083)
('BBDC', 0.1084)
('DSU', 0.1084)
('IAF', 0.108500004)
('DMLP', 0.109)
('RLTY', 0.109)
('GLV', 0.1092)
('JLS', 0.1092)
('BGT', 0.1093)
('SOHOB', 0.1093)
('STRRP', 0.1093)
('FBRT', 0.1094)
('JKS', 0.1096)
('TRTX', 0.1096)
('IGA', 0.1097)
('SOHOO', 0.1097)
('AMBP', 0.1099)
('BRSP', 0.11)
('CRT', 0.11)
('GLO', 0.1101)
('GUG', 0.1101)
('SOHON', 0.1101)
('BCAT', 0.1103)
('SSL', 0.1103)
('KSS', 0.1105)
('PFLT', 0.1108)
('IFN', 0.111099996)
('IGD', 0.111099996)
('GAB', 0.111499995)
('GOGL', 0.111499995)
('AIO', 0.1116)
('NRT', 0.1116)
('PCF', 0.1116)
('HTIBP', 0.111899994)
('FTF', 0.11229999)
('HQH', 0.11229999)
('BWMX', 0.112399995)
('CGBD', 0.1125)
('PHD', 0.1126)
('ISD', 0.112799995)
('NPCT', 0.112799995)
('DKL', 0.1129)
('FCT', 0.1129)
('EOD', 0.113000005)
('NMAI', 0.113000005)
('JQC', 0.11310001)
('RSF', 0.113299996)
('SEVN', 0.11350001)
('FSCO', 0.11359999)
('UNIT', 0.11359999)
('GIPR', 0.1137)
('ARI', 0.113900006)
('POWWP', 0.11399999)
('PFL', 0.1144)
('AIRTP', 0.1145)
('MFIC', 0.1145)
('PFN', 0.1146)
('BGB', 0.1148)
('MFA', 0.1149)
('HTIA', 0.115)
('MSD', 0.115200005)
('AWP', 0.1154)
('IHD', 0.1154)
('JFR', 0.1154)
('SCM', 0.1157)
('IAE', 0.1159)
('ARDC', 0.1164)
('ABR', 0.1167)
('IIF', 0.1172)
('FATBB', 0.1176)
('TECTP', 0.1176)
('RILY', 0.118)
('BDN', 0.1181)
('COHN', 0.1182)
('GUT', 0.1183)
('RA', 0.1185)
('NMFC', 0.1189)
('PCM', 0.118999995)
('FAX', 0.1193)
('JGH', 0.1193)
('HEQ', 0.119399995)
('LOMA', 0.1195)
('PHK', 0.1195)
('PMT', 0.1195)
('CPZ', 0.119799994)
('GHI', 0.1201)
('NBXG', 0.1201)
('SUNS', 0.1201)
('FTHY', 0.1205)
('XRX', 0.12060001)
('BGX', 0.120900005)
('STLA', 0.121400006)
('DALN', 0.121700004)
('GHY', 0.1223)
('MNDO', 0.1224)
('IRS', 0.1232)
('ACV', 0.1233)
('NCZ', 0.1233)
('PRT', 0.1234)
('FLNG', 0.1238)
('BBAR', 0.124)
('MEGI', 0.1244)
('NCV', 0.1248)
('REFI', 0.1251)
('CVI', 0.1252)
('EHI', 0.1252)
('TXO', 0.1257)
('CIVI', 0.1259)
('AVK', 0.126)
('MRCC', 0.1263)
('SAR', 0.1274)
('DSL', 0.1275)
('FRO', 0.1279)
('HFRO', 0.128)
('IGR', 0.12810001)
('FDUS', 0.1288)
('THW', 0.1288)
('GCV', 0.1294)
('SITC', 0.1295)
('KIO', 0.1296)
('DMO', 0.1299)
('EFC', 0.1305)
('LFT', 0.1306)
('VVR', 0.131)
('NREF', 0.1322)
('WHF', 0.1325)
('CCD', 0.1329)
('NHTC', 0.1333)
('SQFT', 0.1337)
('HIX', 0.1338)
('HQL', 0.1338)
('USEA', 0.1342)
('WDI', 0.1345)
('SACH', 0.135)
('NHS', 0.1351)
('LPG', 0.13520001)
('BRW', 0.1353)
('BWG', 0.1354)
('GSBD', 0.1363)
('AFCG', 0.1368)
('NLY', 0.1371)
('INSW', 0.1377)
('OCSL', 0.1378)
('AOD', 0.1381)
('CCEL', 0.1387)
('FSK', 0.139)
('PAXS', 0.13939999)
('VIASP', 0.1397)
('HRZN', 0.1398)
('NYMT', 0.1399)
('PNNT', 0.1399)
('HGLB', 0.14)
('SRV', 0.1402)
('FGFPP', 0.14039999)
('PSEC', 0.14039999)
('VGI', 0.1416)
('CDZIP', 0.1419)
('JFIN', 0.142)
('PDO', 0.1421)
('FCO', 0.1426)
('AOMR', 0.1429)
('PBR', 0.1432)
('GECC', 0.1433)
('OXSQ', 0.1433)
('SRL', 0.1433)
('GNL', 0.1442)
('SID', 0.1446)
('PGZ', 0.1458)
('SBLK', 0.1471)
('CRF', 0.1476)
('NAT', 0.1481)
('DX', 0.14840001)
('PTMN', 0.14899999)
('EARN', 0.1491)
('BRY', 0.14930001)
('VOC', 0.1497)
('EIC', 0.1506)
('ICON', 0.1511)
('TRIN', 0.1528)
('CCIF', 0.1541)
('RIV', 0.1543)
('AGNC', 0.1547)
('ARR', 0.1549)
('XFLT', 0.15720001)
('TWO', 0.1579)
('ACRE', 0.158)
('MVO', 0.1592)
('SQFTP', 0.1619)
('ICMB', 0.16219999)
('EDF', 0.16399999)
('CLCO', 0.16420001)
('OPP', 0.1649)
('PDI', 0.1665)
('VALE', 0.16770001)
('OFS', 0.16790001)
('CLM', 0.1692)
('DSX', 0.1697)
('TCPC', 0.17)
('RC', 0.17040001)
('GOF', 0.17930001)
('RWAY', 0.18020001)
('TPVG', 0.1824)
('CHMI', 0.184)
('ACP', 0.1863)
('NEP', 0.1868)
('ECO', 0.1895)
('ORC', 0.1915)
('GGT', 0.1917)
('RILYP', 0.19639999)
('OCCI', 0.19690001)
('RILYL', 0.19780001)
('ECC           ', 0.1981)
('FEDU', 0.1983)
('IVR', 0.1985)
('NXG', 0.1999)
('OXLC', 0.2049)
('HAFN', 0.2068)
('LUXHP', 0.2077)
('QRTEP', 0.2133)
('FATBP', 0.2187)
('MNR', 0.22860001)
('CUBA', 0.23040001)
('KEN', 0.231)
('TRMD', 0.2377)
('BWLP', 0.2595)
('BMA', 0.2851)
('IEP', 0.3195)
('MED', 0.3441)
('ENZ', 0.354)
('EC', 0.39450002)
('FBIOP', 0.41)
('CMBT', 0.5094)
('CMCT', 0.9232)
('SOHO', 1.4599)
